{
  "homebrew_version": "3.6.19",
  "used_options": [

  ],
  "unused_options": [

  ],
  "built_as_bottle": true,
  "poured_from_bottle": true,
  "loaded_from_api": null,
  "installed_as_dependency": false,
  "installed_on_request": true,
  "changed_files": [
    "bin/mysql_config",
    "bin/mysqld_multi",
    "bin/mysqld_safe",
    "support-files/mysql.server",
    "homebrew.mxcl.mysql.plist",
    "homebrew.mysql.service",
    "lib/pkgconfig/mysqlclient.pc",
    "share/doc/mysql/INFO_BIN",
    "support-files/mysql-log-rotate"
  ],
  "time": 1675283286,
  "source_modified_time": 1671206312,
  "compiler": "clang",
  "aliases": [
    "mysql@8.0"
  ],
  "runtime_dependencies": [
    {
      "full_name": "icu4c",
      "version": "72.1",
      "declared_directly": true
    },
    {
      "full_name": "ca-certificates",
      "version": "2023-01-10",
      "declared_directly": false
    },
    {
      "full_name": "openssl@1.1",
      "version": "1.1.1s",
      "declared_directly": true
    },
    {
      "full_name": "libevent",
      "version": "2.1.12",
      "declared_directly": true
    },
    {
      "full_name": "libcbor",
      "version": "0.10.2",
      "declared_directly": false
    },
    {
      "full_name": "libfido2",
      "version": "1.12.0",
      "declared_directly": true
    },
    {
      "full_name": "lz4",
      "version": "1.9.4",
      "declared_directly": true
    },
    {
      "full_name": "protobuf",
      "version": "21.12",
      "declared_directly": true
    },
    {
      "full_name": "zlib",
      "version": "1.2.13",
      "declared_directly": true
    },
    {
      "full_name": "xz",
      "version": "5.4.1",
      "declared_directly": false
    },
    {
      "full_name": "zstd",
      "version": "1.5.2",
      "declared_directly": true
    }
  ],
  "source": {
    "spec": "stable",
    "versions": {
      "stable": "8.0.32",
      "head": null,
      "version_scheme": 0
    },
    "path": "/opt/homebrew/Library/Taps/homebrew/homebrew-core/Formula/mysql.rb",
    "tap_git_head": "25db7db2c0c248ca304bbe66d68ea8f13b708ca8",
    "tap": "homebrew/core"
  },
  "arch": "arm64",
  "built_on": {
    "os": "Macintosh",
    "os_version": "macOS 13",
    "cpu_family": "dunno",
    "xcode": "14.1",
    "clt": "14.1.0.0.1.1665256668",
    "preferred_perl": "5.30"
  }
}